Model,Precision,Recall,F1-Score,AUC-ROC,AUC-PR,MCC,Train Time (s)
XGBoost,0.8735632183908046,0.8,0.8351648351648352,0.9712557682356143,0.8094372622604011,0.8357109232890056,8.81731367111206
Random Forest,0.8522727272727273,0.7894736842105263,0.819672131147541,0.9622716744908111,0.8041104324399617,0.8199833626982621,141.55263686180115
Neural Network,0.625,0.7894736842105263,0.6976744186046512,0.9392894072571767,0.7627557614045961,0.7018874799588228,41.82154893875122
Autoencoder,0.6075949367088608,0.5052631578947369,0.5517241379310345,0.9522886668047854,0.4589346816450417,0.553393385817998,16.235339879989624
Logistic Regression,0.04329461457233368,0.8631578947368421,0.0824534942182001,0.9574652372931587,0.7317079471856097,0.18917797834480193,47.23750138282776
