Model,Precision,Recall,F1-Score,AUC-ROC,AUC-PR,MCC,Train Time (s)
Random Forest,0.9024390243902439,0.7789473684210526,0.8361581920903954,0.9717123960277563,0.817784064508448,0.8381744656331769,111.58206248283386
XGBoost,0.8588235294117647,0.7684210526315789,0.8111111111111111,0.9851233173753611,0.8219273508965638,0.8120701237727956,8.023648023605347
Neural Network,0.8,0.7578947368421053,0.7783783783783784,0.9373844843171812,0.7736188108142387,0.7783020342542034,83.14402627944946
Autoencoder,0.19658119658119658,0.4842105263157895,0.2796352583586626,0.9510563756481282,0.23018823019397447,0.30678550990117354,10.903560400009155
Logistic Regression,0.04226096143687269,0.8421052631578947,0.08048289738430583,0.9530256817132414,0.6797757672268384,0.1844293167668421,11.49544882774353
