Model,Precision,Recall,F1-Score,AUC-ROC,AUC-PR,MCC,Train Time (s)
Random Forest,0.9024390243902439,0.7789473684210526,0.8361581920903954,0.9717123960277564,0.817784064508448,0.8381744656331769,114.32672381401062
XGBoost,0.8588235294117647,0.7684210526315789,0.8111111111111111,0.9851233173753611,0.8219273508965638,0.8120701237727956,8.382563352584839
Neural Network,0.7731958762886598,0.7894736842105263,0.78125,0.9359382330780615,0.7713891698344396,0.780921855606933,97.7270200252533
Autoencoder,0.22685185185185186,0.5157894736842106,0.31511254019292606,0.9504773920467795,0.30206358079066303,0.3404728380698163,10.765331745147705
Logistic Regression,0.04226096143687269,0.8421052631578947,0.08048289738430583,0.9530256817132414,0.6797757672268384,0.1844293167668421,11.76996397972107
