Resampling,Precision,Recall,F1-Score,AUC-ROC,FP_Count,FN_Count
No_Resampling,0.9726027397260274,0.7473684210526316,0.8452380952380952,0.9793498326317462,2,24
Undersampling,0.0552228875582169,0.8736842105263158,0.10387984981226533,0.9779228127157137,1420,12
SMOTE,0.6178861788617886,0.8,0.6972477064220184,0.9807127481374882,47,19
Hybrid_SMOTETomek,0.6178861788617886,0.8,0.6972477064220184,0.9807127481374882,47,19
